bookName,starRating,bookPrice in (EUR),imageLink
Sharp Objects,Four,47.82,http://books.toscrape.com/media/cache/32/51/3251cf3a3412f53f339e42cac2134093.jpg
Sapiens: A Brief History of Humankind,Five,54.23,http://books.toscrape.com/media/cache/be/a5/bea5697f2534a2f86a3ef27b5a8c12a6.jpg
The Dirty Little Secrets of Getting Your Dream Job,Four,33.34,http://books.toscrape.com/media/cache/92/27/92274a95b7c251fea59a2b8a78275ab4.jpg
The Boys in the Boat: Nine Americans and Their Epic Quest for Gold at the 1936 Berlin Olympics,Four,22.60,http://books.toscrape.com/media/cache/66/88/66883b91f6804b2323c8369331cb7dd1.jpg
Shakespeare's Sonnets,Four,20.66,http://books.toscrape.com/media/cache/10/48/1048f63d3b5061cd2f424d20b3f9b666.jpg
Set Me Free,Five,17.46,http://books.toscrape.com/media/cache/5b/88/5b88c52633f53cacf162c15f4f823153.jpg
Scott Pilgrim's Precious Little Life (Scott Pilgrim #1),Five,52.29,http://books.toscrape.com/media/cache/94/b1/94b1b8b244bce9677c2f29ccc890d4d2.jpg
Rip it Up and Start Again,Five,35.02,http://books.toscrape.com/media/cache/81/c4/81c4a973364e17d01f217e1188253d5e.jpg
Immunity: How Elie Metchnikoff Changed the Course of Modern Medicine,Five,57.36,http://books.toscrape.com/media/cache/26/1c/261c4eaf957ae4aacf2229b482e76dbe.jpg
First and First (Five Boroughs #3),Four,15.97,http://books.toscrape.com/media/cache/c4/d1/c4d1517cc9370e292366b6132ca9ca36.jpg
Danganronpa Volume 1,Four,51.99,http://books.toscrape.com/media/cache/78/97/7897eea91c4a85aca58d925861d4afec.jpg
Chase Me (Paris Nights #2),Five,25.27,http://books.toscrape.com/media/cache/9c/2e/9c2e0eb8866b8e3f3b768994fd3d1c1a.jpg
Private Paris (Private #10),Five,47.61,http://books.toscrape.com/media/cache/9d/05/9d0533bae1578846d728a82913b95c26.jpg
#HigherSelfie: Wake Up Your Life. Free Your Soul. Find Your Tribe.,Five,23.11,http://books.toscrape.com/media/cache/9c/46/9c463c7631c82401160fd3b554b8f0e1.jpg
"We Love You, Charlie Freeman",Five,50.27,http://books.toscrape.com/media/cache/5f/15/5f152afdbc42356ecba02f61058a7e5b.jpg
The Secret (The Secret #1),Four,27.37,http://books.toscrape.com/media/cache/4e/0f/4e0f05ae01d8fb6bd0d3901edd06de16.jpg
The Regional Office Is Under Attack!,Five,51.36,http://books.toscrape.com/media/cache/f8/31/f8314c7fdaa79fb7191a583e9a852db8.jpg
"Codename Baboushka, Volume 1: The Conclave of Death",Four,36.72,http://books.toscrape.com/media/cache/f6/88/f688a9d6a89fdf38e4e88439ee9eda69.jpg
Camp Midnight,Four,17.08,http://books.toscrape.com/media/cache/dd/c9/ddc95df6754df8e71bf969c088056188.jpg
Call the Nurse: True Stories of a Country Nurse on a Scottish Isle,Five,29.14,http://books.toscrape.com/media/cache/88/9e/889e0bac4c7c0e7178f0165b8d3b4617.jpg
"Princess Jellyfish 2-in-1 Omnibus, Vol. 01 (Princess Jellyfish 2-in-1 Omnibus #1)",Five,13.61,http://books.toscrape.com/media/cache/78/0b/780b2c28122750c2c383846155815bf7.jpg
Princess Between Worlds (Wide-Awake Princess #5),Five,13.34,http://books.toscrape.com/media/cache/b7/e8/b7e84b78be3d9bb79b71156a5e5d4e42.jpg
Black Dust,Five,34.53,http://books.toscrape.com/media/cache/44/cc/44ccc99c8f82c33d4f9d2afa4ef25787.jpg
Worlds Elsewhere: Journeys Around Shakespeare’s Globe,Five,40.30,http://books.toscrape.com/media/cache/2e/98/2e98c332bf8563b584784971541c4445.jpg
Wall and Piece,Four,44.18,http://books.toscrape.com/media/cache/a5/41/a5416b9646aaa7287baa287ec2590270.jpg
The Four Agreements: A Practical Guide to Personal Freedom,Five,17.66,http://books.toscrape.com/media/cache/0f/7e/0f7ee69495c0df1d35723f012624a9f8.jpg
The Elephant Tree,Five,23.82,http://books.toscrape.com/media/cache/5d/7e/5d7ecde8e81513eba8a64c9fe000744b.jpg
Sophie's World,Five,15.94,http://books.toscrape.com/media/cache/65/71/6571919836ec51ed54f0050c31d8a0cd.jpg
Untitled Collection: Sabbath Poems 2014,Four,14.27,http://books.toscrape.com/media/cache/f9/3b/f93b4a650f03a5d21f2436d7813f42c2.jpg
"Unseen City: The Majesty of Pigeons, the Discreet Charm of Snails & Other Wonders of the Urban Wilderness",Four,44.18,http://books.toscrape.com/media/cache/41/a2/41a20f35adf0caea24f208dc01ad7681.jpg
This One Summer,Four,19.49,http://books.toscrape.com/media/cache/c4/dd/c4ddd9ced89966b0602ec85e00cd5b61.jpg
Thirst,Five,17.27,http://books.toscrape.com/media/cache/c4/0a/c40a64f59e7487b1a80a049f6ceb2ba5.jpg
The Past Never Ends,Four,56.50,http://books.toscrape.com/media/cache/89/b8/89b850edb01851a91f64ba114b96acb6.jpg
The Nerdy Nummies Cookbook: Sweet Treats for the Geek in All of Us,Five,37.34,http://books.toscrape.com/media/cache/61/bd/61bdfe3950643c47d70c37c4123530f3.jpg
The Murder of Roger Ackroyd (Hercule Poirot #4),Four,44.10,http://books.toscrape.com/media/cache/29/fe/29fe70b1b2e5a9ba61d4bd331255e19e.jpg
The Kite Runner,Four,41.82,http://books.toscrape.com/media/cache/58/9d/589d73503d9a23d224de836134fae553.jpg
The Nameless City (The Nameless City #1),Four,38.16,http://books.toscrape.com/media/cache/f4/79/f479de5f305c2ac0512702cf7155bb74.jpg
The Most Perfect Thing: Inside (and Outside) a Bird's Egg,Four,42.96,http://books.toscrape.com/media/cache/d4/8d/d48d5122a15347e9fe2b15ad354d69bf.jpg
"The Mindfulness and Acceptance Workbook for Anxiety: A Guide to Breaking Free from Anxiety, Phobias, and Worry Using Acceptance and Commitment Therapy",Four,23.89,http://books.toscrape.com/media/cache/f8/6d/f86d08178e3788563ac17be5aefd29f0.jpg
"A Piece of Sky, a Grain of Rice: A Memoir in Four Meditations",Five,56.76,http://books.toscrape.com/media/cache/08/89/088995e862aac86c88c608d763f6390e.jpg
A Flight of Arrows (The Pathfinders #2),Five,55.53,http://books.toscrape.com/media/cache/82/96/8296f92b70fb1dafefecda92c1d51941.jpg
A Fierce and Subtle Poison,Four,28.13,http://books.toscrape.com/media/cache/12/f1/12f1963957f27fa83d51f76b183ef490.jpg
"Outcast, Vol. 1: A Darkness Surrounds Him (Outcast #1)",Four,15.44,http://books.toscrape.com/media/cache/cb/00/cb004189f548d75ad430d3ed19e6daa9.jpg
"Mama Tried: Traditional Italian Cooking for the Screwed, Crude, Vegan, and Tattooed",Four,14.02,http://books.toscrape.com/media/cache/10/c6/10c61093002db1fec4089d8076678624.jpg
Join,Five,35.67,http://books.toscrape.com/media/cache/93/63/9363f0065fbad5689f44fcf6e203eef3.jpg
In the Country We Love: My Family Divided,Four,22.00,http://books.toscrape.com/media/cache/fe/ea/feeafd2ad7b3077f8e74cbb1da9e3c7d.jpg
Behind Closed Doors,Four,52.22,http://books.toscrape.com/media/cache/e1/5c/e15c289ba58cea38519e1281e859f0c1.jpg
"The Inefficiency Assassin: Time Management Tactics for Working Smarter, Not Longer",Five,20.59,http://books.toscrape.com/media/cache/75/dc/75dce2f5949b407161f37f0af249b018.jpg
The Death of Humanity: and the Case for Life,Four,58.11,http://books.toscrape.com/media/cache/71/df/71df730cf38c232ee58a2e407135f055.jpg
The Activist's Tao Te Ching: Ancient Advice for a Modern Revolution,Five,32.24,http://books.toscrape.com/media/cache/96/db/96db61bb53930c560fb4c1c62b583816.jpg
Spark Joy: An Illustrated Master Class on the Art of Organizing and Tidying Up,Four,41.83,http://books.toscrape.com/media/cache/f3/4f/f34ffb24cc21c9f9f52dad4fd8f3ac21.jpg
(Un)Qualified: How God Uses Broken People to Do Big Things,Five,54.00,http://books.toscrape.com/media/cache/cd/db/cddb3eb483ef11a088d519205b7098fb.jpg
You Are What You Love: The Spiritual Power of Habit,Four,21.87,http://books.toscrape.com/media/cache/6b/70/6b70f2cdb17d9ab7551240a88b9211fe.jpg
"William Shakespeare's Star Wars: Verily, A New Hope (William Shakespeare's Star Wars #4)",Four,43.30,http://books.toscrape.com/media/cache/02/37/0237b445efc18c5562355a5a2c40889c.jpg
The White Cat and the Monk: A Retelling of the Poem “Pangur Bán”,Four,58.08,http://books.toscrape.com/media/cache/26/32/2632a1e12f2c085fabbe022ae4cd6933.jpg
The Vacationers,Four,42.15,http://books.toscrape.com/media/cache/37/25/372578cc073efae80cf284b56040a488.jpg
The Artist's Way: A Spiritual Path to Higher Creativity,Five,38.49,http://books.toscrape.com/media/cache/0e/6d/0e6dc2484322c5b9e7854ced66fdf62d.jpg
The Art of War,Five,33.34,http://books.toscrape.com/media/cache/6d/71/6d71e36c8b1b9c885e1bb6c72cd8bcf8.jpg
The Third Wave: An Entrepreneur’s Vision of the Future,Five,12.61,http://books.toscrape.com/media/cache/d0/77/d077a30042df6b916bfc8d257345c69e.jpg
The Stranger,Four,17.44,http://books.toscrape.com/media/cache/ea/04/ea0476a6f4c318ceccf5e2f2b39f2b15.jpg
Something More Than This,Four,16.24,http://books.toscrape.com/media/cache/59/10/5910fbd8a95e8e9de9c660b71e0694e2.jpg
Scarlett Epstein Hates It Here,Five,43.55,http://books.toscrape.com/media/cache/0f/d3/0fd306891f8fd3196653022fd67d6c87.jpg
Redeeming Love,Five,20.47,http://books.toscrape.com/media/cache/21/21/2121ba78e26194d92c334fde3850f840.jpg
Poems That Make Grown Women Cry,Four,14.19,http://books.toscrape.com/media/cache/38/64/386468a8c3e6b880664bf7885bf6f726.jpg
Mrs. Houdini,Five,30.25,http://books.toscrape.com/media/cache/0e/fe/0efe86960cdff718aed01a5c3f65b1c3.jpg
Modern Romance,Five,28.26,http://books.toscrape.com/media/cache/28/78/2878538a1039d9c4649110499a1393fb.jpg
Library of Souls (Miss Peregrine’s Peculiar Children #3),Five,48.56,http://books.toscrape.com/media/cache/f8/54/f85417465a73e33604624205ba8306cc.jpg
I Had a Nice Time And Other Lies...: How to find love & sh*t like that,Four,57.36,http://books.toscrape.com/media/cache/5f/72/5f72c8a0d5a7292e2929a354ec8a022f.jpg
Full Moon over Noah’s Ark: An Odyssey to Mount Ararat and Beyond,Four,49.43,http://books.toscrape.com/media/cache/57/77/57770cac1628f4407636635f4b85e88c.jpg
Frostbite (Vampire Academy #2),Five,29.99,http://books.toscrape.com/media/cache/71/76/7176317f1915fa0658bb2fe400441207.jpg
Finders Keepers (Bill Hodges Trilogy #2),Five,53.53,http://books.toscrape.com/media/cache/6a/81/6a81103b1c01a3f6c56e5718a838a4c8.jpg
"Fables, Vol. 1: Legends in Exile (Fables #1)",Four,41.62,http://books.toscrape.com/media/cache/51/8c/518c184a793b751b43045637c8002eb7.jpg
Eureka Trivia 6.0,Four,54.59,http://books.toscrape.com/media/cache/96/17/96173470df6fc6fef4d0008e957653ce.jpg
The Marriage of Opposites,Four,28.08,http://books.toscrape.com/media/cache/0f/c2/0fc21ec3489cb23116778ee84f425eca.jpg
The Darkest Lie,Five,35.35,http://books.toscrape.com/media/cache/1d/3c/1d3c05b772ab846c111970232360d2c5.jpg
Drive: The Surprising Truth About What Motivates Us,Four,34.95,http://books.toscrape.com/media/cache/8a/49/8a490347afdc10abe7c2099e466de32f.jpg
Done Rubbed Out (Reightman & Bailey #1),Five,37.72,http://books.toscrape.com/media/cache/08/4d/084da0199a717cb6c1eda30f98d0ea4c.jpg
Whole Lotta Creativity Going On: 60 Fun and Unusual Exercises to Awaken and Strengthen Your Creativity,Four,38.20,http://books.toscrape.com/media/cache/ba/36/ba368dfb2b6ae9979ff59d049c626167.jpg
Walt Disney's Alice in Wonderland,Five,12.96,http://books.toscrape.com/media/cache/28/50/2850439c2ba103fb69dba9cd2dd9f0c2.jpg
V for Vendetta (V for Vendetta Complete),Four,37.10,http://books.toscrape.com/media/cache/cc/8f/cc8fb914bfee31a7903a5cabaae64796.jpg
Dark Notes,Five,19.19,http://books.toscrape.com/media/cache/6e/4e/6e4e8f4f4abd94356a9be840e4681e65.jpg
Close to You,Four,49.46,http://books.toscrape.com/media/cache/fa/f6/faf6d69a42f477e1da80a71f05a4dc25.jpg
Batman: The Dark Knight Returns (Batman),Five,15.38,http://books.toscrape.com/media/cache/be/a9/bea95dbd7b2a843519c9a1dcfc433f9b.jpg
The Bane Chronicles (The Bane Chronicles #1-11),Four,44.73,http://books.toscrape.com/media/cache/9a/33/9a333c4a06ce187c5c9d2f5969ddcac2.jpg
The Wright Brothers,Four,56.80,http://books.toscrape.com/media/cache/02/2e/022e8b81ba1405991401bb46d6330c73.jpg
The White Queen (The Cousins' War #1),Five,25.91,http://books.toscrape.com/media/cache/72/d8/72d861617b6d3aababe6e61e8d3c1056.jpg
The Time Keeper,Five,27.88,http://books.toscrape.com/media/cache/8f/f8/8ff8680dde59ea739d6978a01e4d7fe5.jpg
The Testament of Mary,Four,52.67,http://books.toscrape.com/media/cache/83/05/8305154438c91a02cefacf4ec8b53393.jpg
The Star-Touched Queen,Five,46.02,http://books.toscrape.com/media/cache/53/5e/535e2be0b423797c2cdc7d98882c820a.jpg
Anonymous,Four,46.82,http://books.toscrape.com/media/cache/fb/75/fb75a0ce3e0b01fa3852806c6d1f1af6.jpg
Amatus,Five,50.54,http://books.toscrape.com/media/cache/8f/92/8f92c3b5dc8f5c1a23324bda7477b19c.jpg
Agnostic: A Spirited Manifesto,Five,12.51,http://books.toscrape.com/media/cache/9f/fc/9ffc43826233092d2acb4414f86627eb.jpg
You (You #1),Five,43.61,http://books.toscrape.com/media/cache/d6/97/d697268540fa982f4dce39f61ed3a342.jpg
"Wonder Woman: Earth One, Volume One (Wonder Woman: Earth One #1)",Four,37.34,http://books.toscrape.com/media/cache/19/39/19396172462f4cc0504d4e6e8b0e1647.jpg
The Songs of the Gods,Five,44.48,http://books.toscrape.com/media/cache/6c/a3/6ca34db7c01e554ad17bd3be74b561e3.jpg
The Song of Achilles,Five,37.40,http://books.toscrape.com/media/cache/66/f7/66f79b76d6c6b64fcc8110515c454e09.jpg
Why the Right Went Wrong: Conservatism--From Goldwater to the Tea Party and Beyond,Four,52.65,http://books.toscrape.com/media/cache/db/1b/db1babd3c09b84da800b0e9897fe0097.jpg
Made to Stick: Why Some Ideas Survive and Others Die,Five,38.85,http://books.toscrape.com/media/cache/e2/2e/e22e4a82d97f9f0689d5295a98f5dcff.jpg
Looking for Lovely: Collecting the Moments that Matter,Five,29.14,http://books.toscrape.com/media/cache/61/1e/611e1804ad968e309a5f788d4ebc1cb4.jpg
"Living Leadership by Insight: A Good Leader Achieves, a Great Leader Builds Monuments",Four,46.91,http://books.toscrape.com/media/cache/e9/5e/e95e82f09681709bb0f927341dda274e.jpg
Let It Out: A Journey Through Journaling,Five,26.79,http://books.toscrape.com/media/cache/51/fc/51fcd3e9384894e6a53a753d2ab856ee.jpg
Lady Midnight (The Dark Artifices #1),Five,16.28,http://books.toscrape.com/media/cache/89/a6/89a61d48e93bc92537c0a2cb2c0094bb.jpg
I Know What I'm Doing -- and Other Lies I Tell Myself: Dispatches from a Life Under Construction,Four,25.98,http://books.toscrape.com/media/cache/ea/7b/ea7bcac4b27a5bf6d4f8125bb7af3361.jpg
I Am Pilgrim (Pilgrim #1),Four,10.60,http://books.toscrape.com/media/cache/ed/07/ed07c9e7c53d4f33a6eb7d41eb0e6d4a.jpg
"Hyperbole and a Half: Unfortunate Situations, Flawed Coping Mechanisms, Mayhem, and Other Things That Happened",Five,14.75,http://books.toscrape.com/media/cache/b5/a9/b5a90d1c36a96513942f006345ace3d2.jpg
Superman Vol. 1: Before Truth (Superman by Gene Luen Yang #1),Five,11.89,http://books.toscrape.com/media/cache/7e/c0/7ec0e9ca6153a23b2024b7df7407ee84.jpg
Steve Jobs,Five,39.50,http://books.toscrape.com/media/cache/86/31/86313c225719ac946894d780c4ff0839.jpg
Greek Mythic History,Five,10.23,http://books.toscrape.com/media/cache/36/cf/36cf56c7bdf35aadbcc6f05a8e8d8fcb.jpg
God: The Most Unpleasant Character in All Fiction,Five,30.03,http://books.toscrape.com/media/cache/1f/db/1fdb125bcb8cee71f3404b4dc293348c.jpg
"Far & Away: Places on the Brink of Change: Seven Continents, Twenty-Five Years",Four,15.06,http://books.toscrape.com/media/cache/11/e2/11e227bdb5fe8b43dcc2366a157a47c2.jpg
Sorting the Beef from the Bull: The Science of Food Fraud Forensics,Four,44.74,http://books.toscrape.com/media/cache/68/ca/68caaf9ac41964d5167a3eb67c638393.jpg
Someone Like You (The Harrisons #2),Five,52.79,http://books.toscrape.com/media/cache/e3/d0/e3d05227f3fc24f0e0c84ccebe108fb0.jpg
"So Cute It Hurts!!, Vol. 6 (So Cute It Hurts!! #6)",Four,35.43,http://books.toscrape.com/media/cache/b2/48/b2484d13793ff1c4271a3d4023d4d24e.jpg
Shtum,Four,55.84,http://books.toscrape.com/media/cache/03/16/0316bb6f4785ac69c0643109201bad5d.jpg
salt.,Four,46.78,http://books.toscrape.com/media/cache/3f/41/3f4160ada0b16e3c64cd2d0dffe781c8.jpg
"Quarter Life Poetry: Poems for the Young, Broke and Hangry",Five,50.89,http://books.toscrape.com/media/cache/c8/f2/c8f297fab080ddd02b3ed5c17b83af85.jpg
Old School (Diary of a Wimpy Kid #10),Five,11.83,http://books.toscrape.com/media/cache/df/5d/df5d172abe87deda6d533e3e908d27d8.jpg
El Deafo,Five,57.62,http://books.toscrape.com/media/cache/34/eb/34eb0f1b570d4f1f6ad106652f1ac6ff.jpg
Eight Hundred Grapes,Four,14.39,http://books.toscrape.com/media/cache/8c/01/8c011092f05791961d25ec3cfcf0a832.jpg
"Eaternity: More than 150 Deliciously Easy Vegan Recipes for a Long, Healthy, Satisfied, Joyful Life",Five,51.75,http://books.toscrape.com/media/cache/b1/e1/b1e15eef42c0d71596f9f9ad4e9f48b0.jpg
Demigods & Magicians: Percy and Annabeth Meet the Kanes (Percy Jackson & Kane Chronicles Crossover #1-3),Five,37.51,http://books.toscrape.com/media/cache/8f/80/8f8074d9f035c2a0ef8595ad89f7bcc8.jpg
Dear Mr. Knightley,Five,11.21,http://books.toscrape.com/media/cache/78/87/78873811f8c1d75a0c26d8cc8e6a9dbc.jpg
Code Name Verity (Code Name Verity #1),Four,22.13,http://books.toscrape.com/media/cache/f5/58/f55886d1bf600529a35e1bd932c78ca0.jpg
City of Glass (The Mortal Instruments #3),Four,56.02,http://books.toscrape.com/media/cache/00/08/0008e65aa431ed3625ad3a4352f8e90d.jpg
City of Fallen Angels (The Mortal Instruments #4),Four,11.23,http://books.toscrape.com/media/cache/c9/40/c940b6c329ecc39aaed2ab0140592a4b.jpg
Cell,Four,20.29,http://books.toscrape.com/media/cache/0b/97/0b97282ed82b771ed328e05386a84adb.jpg
Buying In: The Secret Dialogue Between What We Buy and Who We Are,Four,37.80,http://books.toscrape.com/media/cache/f2/fa/f2faa289117546efa0b4068a07778ab0.jpg
Brain on Fire: My Month of Madness,Five,49.32,http://books.toscrape.com/media/cache/88/aa/88aad1204951e0900906173b086e6695.jpg
Barefoot Contessa at Home: Everyday Recipes You'll Make Over and Over Again,Five,50.62,http://books.toscrape.com/media/cache/74/aa/74aa29b1ba4147eaf5b46671bf235861.jpg
Aristotle and Dante Discover the Secrets of the Universe (Aristotle and Dante Discover the Secrets of the Universe #1),Four,58.14,http://books.toscrape.com/media/cache/61/1a/611aba0ef5b859ba1977ef30677b0194.jpg
All the Light We Cannot See,Five,29.87,http://books.toscrape.com/media/cache/41/c3/41c37f7f0e03ee1144dd6fa89483b5d9.jpg
Abstract City,Five,56.37,http://books.toscrape.com/media/cache/e7/70/e77019ebd71bcf6badb085bddf47c413.jpg
A Time of Torment (Charlie Parker #14),Five,48.35,http://books.toscrape.com/media/cache/e8/c0/e8c0ba15066bab950ae161fd60949b9a.jpg
Rook,Four,37.86,http://books.toscrape.com/media/cache/55/33/5533595a623c3bb947c4a5171fc2df08.jpg
The Star-Touched Queen,Five,32.30,http://books.toscrape.com/media/cache/d3/0d/d30dd8b6be6f9fcfd17178e8083238b6.jpg
The Gray Rhino: How to Recognize and Act on the Obvious Dangers We Ignore,Four,59.15,http://books.toscrape.com/media/cache/9f/25/9f255826f354776dda9afbd5576a7add.jpg
The Epidemic (The Program 0.6),Five,14.44,http://books.toscrape.com/media/cache/87/cd/87cd652c35e2a78535c83becae33cff2.jpg
Raspberry Pi Electronics Projects for the Evil Genius,Four,49.67,http://books.toscrape.com/media/cache/a2/da/a2da8957b9cb8265d7f1dfeb0651f1c7.jpg
Furiously Happy: A Funny Book About Horrible Things,Four,41.46,http://books.toscrape.com/media/cache/ab/2a/ab2ae4f02aa46271b4bfc77494039fc6.jpg
Everyday Italian: 125 Simple and Delicious Recipes,Five,20.10,http://books.toscrape.com/media/cache/5a/64/5a6499d41ccaad4c4f7eeaa90e16345a.jpg
Eleanor & Park,Five,56.51,http://books.toscrape.com/media/cache/ed/d7/edd781d3c9d63a395f80f241445e88fa.jpg
The Silent Sister (Riley MacPherson #1),Five,46.29,http://books.toscrape.com/media/cache/30/2c/302cd9c84442e139145ec0993880d7e0.jpg
Psycho: Sanitarium (Psycho #1.5),Five,36.97,http://books.toscrape.com/media/cache/02/5c/025c30a378e2a4190e84f1429e81b803.jpg
One with You (Crossfire #5),Four,15.71,http://books.toscrape.com/media/cache/b8/29/b829181ae95c8f020c1ad3273192de30.jpg
Dirty (Dive Bar #1),Four,40.83,http://books.toscrape.com/media/cache/ae/90/ae903f6f6d059954be4e85497dd76bf5.jpg
A Paris Apartment,Four,39.01,http://books.toscrape.com/media/cache/16/57/16575316618bd7e922d5b0e0f87de2ca.jpg
"Mother, Can You Not?",Five,16.89,http://books.toscrape.com/media/cache/ae/03/ae03f5d4d4c2ee038ac4c4ce9b71e592.jpg
No Love Allowed (Dodge Cove #1),Four,54.65,http://books.toscrape.com/media/cache/70/3e/703e053877204a396ec6e7beac863118.jpg
Murder at the 42nd Street Library (Raymond Ambler #1),Four,54.36,http://books.toscrape.com/media/cache/c3/8d/c38d65cd155b67ca025f0655bd1bb095.jpg
How to Speak Golf: An Illustrated Guide to Links Lingo,Five,58.32,http://books.toscrape.com/media/cache/d2/64/d264ad1af882ce391005dc7215ac90e7.jpg
"The Sleep Revolution: Transforming Your Life, One Night at a Time",Four,11.68,http://books.toscrape.com/media/cache/3d/c5/3dc5455313710cf7055c060114e25bf0.jpg
Keep Me Posted,Four,20.46,http://books.toscrape.com/media/cache/ae/ac/aeac003461b89c7ef826251d940b2afc.jpg
Grey (Fifty Shades #4),Four,48.49,http://books.toscrape.com/media/cache/bb/ee/bbeeab4c4ce572c0e9764e3a96c6d4a5.jpg
"Exit, Pursued by a Bear",Four,51.34,http://books.toscrape.com/media/cache/ca/99/ca99bafb2a75d4fadb8d64efed26316f.jpg
Born for This: How to Find the Work You Were Meant to Do,Five,21.59,http://books.toscrape.com/media/cache/aa/67/aa677a97ecdcbbde7471f1c90ed0cf6f.jpg
Arena,Four,21.36,http://books.toscrape.com/media/cache/51/88/518810d182843244a404f2a2a614a93b.jpg
Adultery,Five,20.88,http://books.toscrape.com/media/cache/79/d9/79d99cfa5557be0643ba00bfcd35256b.jpg
A Gentleman's Position (Society of Gentlemen #3),Five,14.75,http://books.toscrape.com/media/cache/f0/e0/f0e0db3edcb14293a52b51929cc72979.jpg
10-Day Green Smoothie Cleanse: Lose Up to 15 Pounds in 10 Days!,Five,49.71,http://books.toscrape.com/media/cache/23/c2/23c2108ae81327c7f3fb0721976cba5e.jpg
Without Shame,Five,48.27,http://books.toscrape.com/media/cache/90/86/9086ca3d1d5c4059beb7dcf762926e1e.jpg
Art and Fear: Observations on the Perils (and Rewards) of Artmaking,Four,48.63,http://books.toscrape.com/media/cache/ef/80/ef80e6100214c486562a73ce76444826.jpg
The Unlikely Pilgrimage of Harold Fry (Harold Fry #1),Five,43.62,http://books.toscrape.com/media/cache/06/e2/06e2e125d332e2e09a64816ff915b859.jpg
"The Midnight Assassin: Panic, Scandal, and the Hunt for America's First Serial Killer",Four,28.45,http://books.toscrape.com/media/cache/82/6c/826c590f552ce717a2972649350c8030.jpg
Watchmen,Four,58.05,http://books.toscrape.com/media/cache/0b/43/0b43137f35134bf211608d1e7197b086.jpg
Unlimited Intuition Now,Four,58.87,http://books.toscrape.com/media/cache/61/46/6146f9ffb87a4f82301d033aa74cc48b.jpg
The New Brand You: Your New Image Makes the Sale for You,Five,44.05,http://books.toscrape.com/media/cache/9b/33/9b33c7a5431415614f7b788e0c1552c9.jpg
"The Moosewood Cookbook: Recipes from Moosewood Restaurant, Ithaca, New York",Four,12.34,http://books.toscrape.com/media/cache/d4/53/d453cfb6c08dbf76d200ffa858bc9979.jpg
Smarter Faster Better: The Secrets of Being Productive in Life and Business,Five,38.89,http://books.toscrape.com/media/cache/21/88/21889b1eddaec853b02a41bdd06eef54.jpg
Shadows of the Past (Logan Point #1),Five,39.67,http://books.toscrape.com/media/cache/93/e0/93e0ec623673a8f83598c9aa7b6c94ec.jpg
The Art and Science of Low Carbohydrate Living,Five,52.98,http://books.toscrape.com/media/cache/4b/d4/4bd43108fb070ad8ebba9cdb00b14069.jpg
Suzie Snowflake: One beautiful flake (a self-esteem story),Five,54.81,http://books.toscrape.com/media/cache/db/cc/dbcc9d63b73ce9058d53f36465dbe2b2.jpg
Roller Girl,Five,14.10,http://books.toscrape.com/media/cache/b8/bd/b8bd3e5bc547c7c851689a844c9db429.jpg
Please Kill Me: The Uncensored Oral History of Punk,Four,31.19,http://books.toscrape.com/media/cache/06/f1/06f185c0be2ad6e2fe059464c03f1b47.jpg
Out of Print: City Lights Spotlight No. 14,Five,53.64,http://books.toscrape.com/media/cache/93/d5/93d5c64abfad9ed6a0cb2e26f19f1a1e.jpg
My Life Next Door (My Life Next Door ),Five,36.39,http://books.toscrape.com/media/cache/98/00/98001a78a78ab77027145ff586d64431.jpg
"NaNo What Now? Finding your editing process, revising your NaNoWriMo book and building a writing career through publishing and beyond",Four,10.41,http://books.toscrape.com/media/cache/f3/b9/f3b94d63844537271e86565071e5d716.jpg
"Fruits Basket, Vol. 9 (Fruits Basket #9)",Four,33.95,http://books.toscrape.com/media/cache/7c/ea/7cea6ff4f6f1427739b136db35fbfad4.jpg
Les Fleurs du Mal,Five,29.04,http://books.toscrape.com/media/cache/36/5b/365b3ab7ab72a6258873716aef6d5c1a.jpg
Kill 'Em and Leave: Searching for James Brown and the American Soul,Five,45.05,http://books.toscrape.com/media/cache/85/42/8542841f5644a6daf433504f1e106e97.jpg
John Vassos: Industrial Design for Modern Life,Four,20.22,http://books.toscrape.com/media/cache/85/a1/85a19d4c20a4801013e8108a166d10af.jpg
Hystopia: A Novel,Four,21.96,http://books.toscrape.com/media/cache/2d/7b/2d7b77d8b45b2f8e1bc0ce20aacddad0.jpg
History of Beauty,Four,10.29,http://books.toscrape.com/media/cache/58/a6/58a634c3231b5380544cc330536cb5ea.jpg
Future Shock (Future Shock #1),Five,55.65,http://books.toscrape.com/media/cache/89/10/8910c36eec96636288a9cfb61610c9fa.jpg
Death by Leisure: A Cautionary Tale,Four,37.51,http://books.toscrape.com/media/cache/7d/16/7d16c126f85826628bf9dcccd7a66b32.jpg
Between the World and Me,Four,56.91,http://books.toscrape.com/media/cache/73/45/7345c412c4c821f131d3c159e027c3a0.jpg
Being Mortal: Medicine and What Matters in the End,Four,55.06,http://books.toscrape.com/media/cache/c7/7f/c77fdad22e40b8b923ec6c5b1f5a740f.jpg
"""Most Blessed of the Patriarchs"": Thomas Jefferson and the Empire of the Imagination",Five,44.48,http://books.toscrape.com/media/cache/11/af/11af7fbd6aec06a75fe207fae92b17e0.jpg
What Happened on Beale Street (Secrets of the South Mysteries #2),Five,25.37,http://books.toscrape.com/media/cache/c7/ab/c7abb5e32bd37118a87523dcee0a70a6.jpg
The Whale,Four,35.96,http://books.toscrape.com/media/cache/6c/18/6c18ea03e294bfcfe07cf531c6c5f5b3.jpg
The Story of Art,Four,41.14,http://books.toscrape.com/media/cache/bb/36/bb364a10868756d1c0877c928b43b533.jpg
The Origin of Species,Four,10.01,http://books.toscrape.com/media/cache/da/0d/da0d13699a090516502257a4d7da623f.jpg
The Great Gatsby,Four,36.05,http://books.toscrape.com/media/cache/28/cb/28cb7a5e23c1339a0d6aafd5e7e190d6.jpg
The Bourne Identity (Jason Bourne #1),Four,42.78,http://books.toscrape.com/media/cache/40/8d/408d93b27ce8c9cfb3bf66c17e9a54ab.jpg
The Bachelor Girl's Guide to Murder (Herringford and Watts Mysteries #1),Five,52.30,http://books.toscrape.com/media/cache/95/d7/95d7541679fcbd579b8a4f2b47231aaf.jpg
The 7 Habits of Highly Effective People: Powerful Lessons in Personal Change,Four,33.17,http://books.toscrape.com/media/cache/c9/c3/c9c3d568ff6ddb98bde01c9d0b1d920a.jpg
Team of Rivals: The Political Genius of Abraham Lincoln,Five,20.12,http://books.toscrape.com/media/cache/56/75/567575381760b5c1ec018d10d350fc5f.jpg
Sister Dear,Four,40.20,http://books.toscrape.com/media/cache/fa/57/fa570b7a0fb42252f61e1e750c79d417.jpg
The Barefoot Contessa Cookbook,Five,59.92,http://books.toscrape.com/media/cache/dd/07/dd07bd0c443756b9dc260813c1949b4f.jpg
Pride and Prejudice,Four,19.27,http://books.toscrape.com/media/cache/c8/09/c80991f861675b6e75dc7f2f6a50e5a0.jpg
In Cold Blood,Four,49.98,http://books.toscrape.com/media/cache/eb/4e/eb4ea9c04dccab509451ba31feb6b4e8.jpg
How to Stop Worrying and Start Living,Five,46.49,http://books.toscrape.com/media/cache/4f/08/4f08f7948770912e4e340e10caa604cb.jpg
Fun Home: A Family Tragicomic,Four,56.59,http://books.toscrape.com/media/cache/54/ae/54ae8233e8422676c241d1cea0b67f1d.jpg
"Fruits Basket, Vol. 6 (Fruits Basket #6)",Four,20.96,http://books.toscrape.com/media/cache/94/1a/941a14dec32f0a949c38a325a715c138.jpg
Deception Point,Four,40.32,http://books.toscrape.com/media/cache/fa/2d/fa2d3198b7ba9785e0edd6f41b84d72b.jpg
Catherine the Great: Portrait of a Woman,Four,58.55,http://books.toscrape.com/media/cache/72/f1/72f13b8f069d3a018d2c378be5a1de20.jpg
A Year in Provence (Provence #1),Four,56.88,http://books.toscrape.com/media/cache/db/46/db46159b05faa5d95262112bf9c29ddd.jpg
Nightstruck: A Novel,Four,50.35,http://books.toscrape.com/media/cache/c0/df/c0dfd5388bb38b9c24da2e94534e1198.jpg
"Naturally Lean: 125 Nourishing Gluten-Free, Plant-Based Recipes--All Under 300 Calories",Five,11.38,http://books.toscrape.com/media/cache/e6/b6/e6b66353f9325518994dd8b564290fd7.jpg
Life of Pi,Four,13.22,http://books.toscrape.com/media/cache/e7/ae/e7aee104ca78dac961bd906294fe88f1.jpg
Leave This Song Behind: Teen Poetry at Its Best,Five,51.17,http://books.toscrape.com/media/cache/31/c7/31c7c5ce7b04d227aa36ecb250b9dad5.jpg
King's Folly (The Kinsman Chronicles #1),Five,39.61,http://books.toscrape.com/media/cache/3e/2d/3e2d526ee062008ab1cbf54f90a5abb2.jpg
"At The Existentialist Café: Freedom, Being, and apricot cocktails with: Jean-Paul Sartre, Simone de Beauvoir, Albert Camus, Martin Heidegger, Edmund Husserl, Karl Jaspers, Maurice Merleau-Ponty and others",Five,29.93,http://books.toscrape.com/media/cache/de/76/de76d5c473c358bd41c03cf710692bfb.jpg
A Short History of Nearly Everything,Five,52.40,http://books.toscrape.com/media/cache/3c/f6/3cf646523ff7fb8647c500d6325cfcaf.jpg
A Gathering of Shadows (Shades of Magic #2),Four,44.81,http://books.toscrape.com/media/cache/48/b2/48b20fcc9ab722729de2c4da3d4de26e.jpg
The Sound Of Love,Five,57.84,http://books.toscrape.com/media/cache/4e/3a/4e3a151bbe2629a55df09fd318fdeb0a.jpg
John Adams,Four,57.43,http://books.toscrape.com/media/cache/59/b4/59b4f94b4dc4c7cb844a6f24a5e2a41e.jpg
How to Cook Everything Vegetarian: Simple Meatless Recipes for Great Food (How to Cook Everything),Four,46.01,http://books.toscrape.com/media/cache/59/2d/592dc2dee11b798780f5ae613b970a34.jpg
Good in Bed (Cannie Shapiro #1),Five,37.05,http://books.toscrape.com/media/cache/1d/f4/1df443b1bd6d7a1d804b4780a666438f.jpg
Every Heart a Doorway (Every Heart A Doorway #1),Five,12.16,http://books.toscrape.com/media/cache/50/d4/50d41a24990208deb72c9802a6c1e540.jpg
The Mysterious Affair at Styles (Hercule Poirot #1),Four,24.80,http://books.toscrape.com/media/cache/32/94/3294e5eaf73a37958583483fc9a90f04.jpg
The Man Who Mistook His Wife for a Hat and Other Clinical Tales,Four,59.45,http://books.toscrape.com/media/cache/92/fe/92fe1c1823653412fe68be2c525dfc3a.jpg
The Joy of Cooking,Four,43.27,http://books.toscrape.com/media/cache/05/8e/058ebff59d12ebe40df1844bedd9366b.jpg
The Hobbit (Middle-Earth Universe),Five,17.80,http://books.toscrape.com/media/cache/8b/d3/8bd38de5367fc675467431f343862569.jpg
The Collected Poems of W.B. Yeats (The Collected Works of W.B. Yeats #1),Five,15.42,http://books.toscrape.com/media/cache/7e/93/7e934132cd03486649fb492fe702f704.jpg
Delivering the Truth (Quaker Midwife Mystery #1),Four,20.89,http://books.toscrape.com/media/cache/57/31/5731a5d46c2c1e88977eb5e6d1337a2e.jpg
Counted With the Stars (Out from Egypt #1),Five,17.97,http://books.toscrape.com/media/cache/32/2c/322c1f6cce6d5a69a7d2321779195a0c.jpg
World Without End (The Pillars of the Earth #2),Four,32.97,http://books.toscrape.com/media/cache/be/7c/be7ce6fbc9a8e1a5a5b5c32e73cfd78a.jpg
"Will Grayson, Will Grayson (Will Grayson, Will Grayson)",Four,47.31,http://books.toscrape.com/media/cache/de/a1/dea174c8a8dbfd98e5e05c9e479a52b2.jpg
Where She Went (If I Stay #2),Four,41.73,http://books.toscrape.com/media/cache/05/86/0586b3d79013f606494e843de1faea0b.jpg
What If?: Serious Scientific Answers to Absurd Hypothetical Questions,Four,53.68,http://books.toscrape.com/media/cache/59/bc/59bcc421ae9f5a6f12ef11e849fb745d.jpg
The Secret Garden,Four,15.08,http://books.toscrape.com/media/cache/c5/46/c5465a06182ed6ebfa40d049258a2f58.jpg
The Raven Boys (The Raven Cycle #1),Four,57.74,http://books.toscrape.com/media/cache/3c/a4/3ca4889e4bb7f9a1cc1d7a1c920e9d42.jpg
The Power Greens Cookbook: 140 Delicious Superfood Recipes,Five,11.05,http://books.toscrape.com/media/cache/82/1d/821d2c02dcd0a10fc9d533917482746e.jpg
The Mathews Men: Seven Brothers and the War Against Hitler's U-boats,Five,42.91,http://books.toscrape.com/media/cache/f2/64/f26457d65a03b2636c4bcc7c318f7346.jpg
The Hiding Place,Four,55.91,http://books.toscrape.com/media/cache/cf/18/cf187c1dc5575fcbbf49c58024146c4b.jpg
The False Prince (The Ascendance Trilogy #1),Five,56.00,http://books.toscrape.com/media/cache/f8/e3/f8e371e2869d13b9d89999f8d5173245.jpg
The Darkest Corners,Five,11.33,http://books.toscrape.com/media/cache/c1/ab/c1ab73a20d02b5f3a5599e7c5704a909.jpg
Isla and the Happily Ever After (Anna and the French Kiss #3),Five,48.13,http://books.toscrape.com/media/cache/0d/0b/0d0bd1fce3e0171cf101764393caea41.jpg
The Crossover,Four,38.77,http://books.toscrape.com/media/cache/9f/35/9f351ca1978128c60a3b7f85987075b3.jpg
Talking to Girls About Duran Duran: One Young Man's Quest for True Love and a Cooler Haircut,Four,25.15,http://books.toscrape.com/media/cache/07/8b/078b934613af473daf7ecf918e05d050.jpg
Siddhartha,Five,34.22,http://books.toscrape.com/media/cache/ce/0b/ce0be2d86e388540122c222306c6d62c.jpg
Shiver (The Wolves of Mercy Falls #1),Five,16.23,http://books.toscrape.com/media/cache/84/73/847399651d8f2dfae1a0d5a0ea4064b2.jpg
My Mother Was Nuts,Four,31.63,http://books.toscrape.com/media/cache/9b/b4/9bb42bf833e91193ca05badddded4bfb.jpg
If I Stay (If I Stay #1),Five,38.13,http://books.toscrape.com/media/cache/cb/b3/cbb3754c7bae0d54dcf561aed4f9d6e3.jpg
Dracula the Un-Dead,Five,35.63,http://books.toscrape.com/media/cache/13/ff/13fffcde653948339d3427184b7bd0b5.jpg
Digital Fortress,Five,58.00,http://books.toscrape.com/media/cache/5c/77/5c770b251d27aeef263f8ae974ca02e0.jpg
Booked,Five,17.49,http://books.toscrape.com/media/cache/8f/46/8f46bb13feb3a4440a27dfcf688fbaa6.jpg
"Blue Lily, Lily Blue (The Raven Cycle #3)",Five,34.13,http://books.toscrape.com/media/cache/db/14/db14903b3a56a297ef6aefe7624d637f.jpg
Approval Junkie: Adventures in Caring Too Much,Five,58.81,http://books.toscrape.com/media/cache/17/aa/17aacb738eace89a635a4eb47a94c11d.jpg
Mexican Today: New and Rediscovered Recipes for Contemporary Kitchens,Five,24.91,http://books.toscrape.com/media/cache/5d/02/5d029bff299cdb777e06f35800faa628.jpg
Lola and the Boy Next Door (Anna and the French Kiss #2),Four,23.63,http://books.toscrape.com/media/cache/bc/c8/bcc8374e0c81ded1486b6225ca4fe78a.jpg
Killing Floor (Jack Reacher #1),Four,31.49,http://books.toscrape.com/media/cache/eb/e9/ebe9f06ccebf83d9853a846052b58fff.jpg
Kill the Boy Band,Five,15.52,http://books.toscrape.com/media/cache/05/74/0574a71ccaff1fef1f8e9a1f4c22b7bc.jpg
An Abundance of Katherines,Five,10.00,http://books.toscrape.com/media/cache/ed/45/ed4517339d4780f4158c485c83850d20.jpg
Alight (The Generations Trilogy #2),Four,58.59,http://books.toscrape.com/media/cache/5e/f3/5ef34ba3e937218db15178a1a5ce195f.jpg
A Feast for Crows (A Song of Ice and Fire #4),Four,17.21,http://books.toscrape.com/media/cache/b3/6b/b36b278233baf55ebaad761d8d3d0fec.jpg
Vogue Colors A to Z: A Fashion Coloring Book,Four,52.35,http://books.toscrape.com/media/cache/1f/55/1f5541682b39b390a3db41430922d510.jpg
The Passion of Dolssa,Five,28.32,http://books.toscrape.com/media/cache/6b/82/6b822681c4035131560d40dd3b5a6a2e.jpg
The Hunger Games (The Hunger Games #1),Five,29.85,http://books.toscrape.com/media/cache/41/c7/41c72a9c7733fc5f7434b2fa33060c54.jpg
The Gunning of America: Business and the Making of American Gun Culture,Four,16.81,http://books.toscrape.com/media/cache/28/a8/28a8784d0b38b148a35bce421dc16910.jpg
The Beast (Black Dagger Brotherhood #14),Five,46.08,http://books.toscrape.com/media/cache/1b/3f/1b3f5057f9e7f7cb81a8c10b58024145.jpg
Some Women,Five,13.73,http://books.toscrape.com/media/cache/27/b7/27b7f4ec590965b5acc15dc4b1376684.jpg
Shopaholic Ties the Knot (Shopaholic #3),Five,48.39,http://books.toscrape.com/media/cache/ac/ba/acba5e4e1813b8c1fff4890f1efef3ab.jpg
Paper and Fire (The Great Library #2),Five,49.45,http://books.toscrape.com/media/cache/a7/04/a704d4248b21c0cdd8038c1b8345ed17.jpg
Outlander (Outlander #1),Five,19.67,http://books.toscrape.com/media/cache/b1/0b/b10ba73e67297fc8ed9e877bdcf60813.jpg
No One Here Gets Out Alive,Five,20.02,http://books.toscrape.com/media/cache/7a/7e/7a7eb52e7075a5305522948375c1316e.jpg
Night Shift (Night Shift #1-20),Four,12.75,http://books.toscrape.com/media/cache/c0/02/c0029d48c2588e6d2a6a31c9f96088ba.jpg
Needful Things,Four,47.51,http://books.toscrape.com/media/cache/2d/e0/2de0eff716ca13d12cf5420e88e1a8b3.jpg
Mockingjay (The Hunger Games #3),Four,20.44,http://books.toscrape.com/media/cache/76/b4/76b462eda7a84ccf39a543d63c695ca7.jpg
Little Women (Little Women #1),Four,28.07,http://books.toscrape.com/media/cache/81/f5/81f559ebe403317226fa8b611e35ce8a.jpg
Harry Potter and the Prisoner of Azkaban (Harry Potter #3),Four,24.17,http://books.toscrape.com/media/cache/d1/fb/d1fbdddb0d4fb0c445a33c6d003d0990.jpg
Harry Potter and the Order of the Phoenix (Harry Potter #5),Four,31.63,http://books.toscrape.com/media/cache/96/11/9611147982037cd7d79483452938c10f.jpg
Harry Potter and the Half-Blood Prince (Harry Potter #6),Five,48.75,http://books.toscrape.com/media/cache/c8/24/c8248518fb59de3a798a4b5baae949b5.jpg
"Fruits Basket, Vol. 4 (Fruits Basket #4)",Four,50.44,http://books.toscrape.com/media/cache/38/79/38794d8729a111018260d931e7101de2.jpg
Atlas Shrugged,Five,26.58,http://books.toscrape.com/media/cache/a5/4f/a54fea8d034eba2ee4d1b8af30f1a308.jpg
A New Earth: Awakening to Your Life's Purpose,Five,55.65,http://books.toscrape.com/media/cache/83/c8/83c834b3779be4e577c37ead6d2acf65.jpg
'Salem's Lot,Four,49.56,http://books.toscrape.com/media/cache/ee/d3/eed3afc5e444e3da5eec34e2b0036ec7.jpg
When You Are Engulfed in Flames,Five,30.89,http://books.toscrape.com/media/cache/73/36/733662595aede2dff1a5be1e76a3b936.jpg
The Silkworm (Cormoran Strike #2),Five,23.05,http://books.toscrape.com/media/cache/3a/2c/3a2c46cd40a7ecbd7c40815d6390fb8a.jpg
"The Sandman, Vol. 3: Dream Country (The Sandman (volumes) #3)",Five,55.55,http://books.toscrape.com/media/cache/bb/18/bb1845c22faea465cad3d556d22936a2.jpg
The Rose & the Dagger (The Wrath and the Dawn #2),Four,58.64,http://books.toscrape.com/media/cache/57/9c/579cd2ca789c8a796a1864d08ee8d686.jpg
Voyager (Outlander #3),Five,21.07,http://books.toscrape.com/media/cache/b5/d8/b5d813da01f2ccd7bcfe34e2b875e752.jpg
The Red Tent,Five,35.66,http://books.toscrape.com/media/cache/b2/8f/b28f211e50e74445ca071d4279d1080d.jpg
The Nightingale,Four,26.26,http://books.toscrape.com/media/cache/77/aa/77aa0ef1f62a0b0b40000a81f65c4e65.jpg
The Undomestic Goddess,Four,45.75,http://books.toscrape.com/media/cache/13/8f/138f4cf84be250d08e1f5c1db3643dbc.jpg
"The Land of 10,000 Madonnas",Four,29.64,http://books.toscrape.com/media/cache/ae/93/ae93b007df22c99ea2ff2f907b06663e.jpg
The Nanny Diaries (Nanny #1),Five,52.53,http://books.toscrape.com/media/cache/63/5f/635fb981e464f7427787824b20a15e71.jpg
The Lonely Ones,Five,43.59,http://books.toscrape.com/media/cache/21/bd/21bdf7ae21476b1debf4aa3eefe6f29d.jpg
The Husband's Secret,Five,52.51,http://books.toscrape.com/media/cache/f0/5b/f05be79a4b319e24819c318e35e6963c.jpg
"The End of Faith: Religion, Terror, and the Future of Reason",Four,22.13,http://books.toscrape.com/media/cache/9d/56/9d5631724c6496b2f012fa5d2f2b6abd.jpg
"The Elegant Universe: Superstrings, Hidden Dimensions, and the Quest for the Ultimate Theory",Four,13.03,http://books.toscrape.com/media/cache/69/c8/69c83860995cde393dbe6690ec3f1d4f.jpg
Seven Brief Lessons on Physics,Four,30.60,http://books.toscrape.com/media/cache/c8/63/c863c222c130a1bc8685a1242dd2523d.jpg
Scarlet (The Lunar Chronicles #2),Four,14.57,http://books.toscrape.com/media/cache/b6/5c/b65c3622c0da689990fd1d7f1a0b826c.jpg
"Saga, Volume 3 (Saga (Collected Editions) #3)",Five,21.57,http://books.toscrape.com/media/cache/d8/fd/d8fd30b3e5781e880a3efe4c9495b417.jpg
"The Disappearing Spoon: And Other True Tales of Madness, Love, and the History of the World from the Periodic Table of the Elements",Five,57.35,http://books.toscrape.com/media/cache/f9/69/f969969428b505970a46272fdcea00d3.jpg
The Demon-Haunted World: Science as a Candle in the Dark,Four,52.25,http://books.toscrape.com/media/cache/4a/35/4a352dc298e4bbe6ba5f81bbc0d41ca0.jpg
The Day the Crayons Came Home (Crayons),Five,26.33,http://books.toscrape.com/media/cache/ec/08/ec08efebaa33a403e54080b48c139794.jpg
Running with Scissors,Four,12.91,http://books.toscrape.com/media/cache/66/c7/66c7a1537c8901e1e4ec217d1956bae8.jpg
"Rise of the Rocket Girls: The Women Who Propelled Us, from Missiles to the Moon to Mars",Four,41.67,http://books.toscrape.com/media/cache/05/42/05428b0c7b79d0dbc521fd621e754083.jpg
Ready Player One,Four,19.07,http://books.toscrape.com/media/cache/51/34/513418bd1c6114f3ea1fd703278e20ef.jpg
Into the Wild,Five,56.70,http://books.toscrape.com/media/cache/e2/ca/e2ca3b870db8071034edea19b1da3de2.jpg
Inferno (Robert Langdon #4),Five,41.00,http://books.toscrape.com/media/cache/e3/11/e3111146083821b5a3670d869ab40d2a.jpg
Life Without a Recipe,Five,59.04,http://books.toscrape.com/media/cache/80/b3/80b3e38be4204b3b64cdbe8c80dcf1f9.jpg
If I Run (If I Run #1),Four,49.97,http://books.toscrape.com/media/cache/c3/d0/c3d0f2fb5cacbca64639a679b962e1b9.jpg
Heir to the Sky,Four,44.07,http://books.toscrape.com/media/cache/6d/b1/6db1568e09d10652593638a5f85e7202.jpg
Green Eggs and Ham (Beginner Books B-16),Four,10.79,http://books.toscrape.com/media/cache/3a/0e/3a0e75e4f758f90a80965869afbe41b4.jpg
Gratitude,Five,26.66,http://books.toscrape.com/media/cache/07/b6/07b673e7d367a5e89418bd513a8d5e72.jpg
Gone Girl,Five,37.60,http://books.toscrape.com/media/cache/24/ad/24ad42075b1aa1403aef934c29c1e8ba.jpg
Legend (Legend #1),Four,43.69,http://books.toscrape.com/media/cache/6c/6c/6c6c0984ab57d6b4f71d84dd0db0f65b.jpg
"Lamb: The Gospel According to Biff, Christ's Childhood Pal",Five,55.50,http://books.toscrape.com/media/cache/a1/03/a10370da29e4ba78c7a75a14041eae0e.jpg
Lady Renegades (Rebel Belle #3),Five,53.04,http://books.toscrape.com/media/cache/d2/c2/d2c259e13fe3097325549a14f996b462.jpg
The Complete Stories and Poems (The Works of Edgar Allan Poe [Cameo Edition]),Four,26.78,http://books.toscrape.com/media/cache/42/c4/42c48f11b7e70a0f76c5ba9cb5c5018a.jpg
The Complete Poems,Five,41.32,http://books.toscrape.com/media/cache/e5/f2/e5f270cf4a079a7d411439abe17691e0.jpg
The Book of Basketball: The NBA According to The Sports Guy,Five,44.84,http://books.toscrape.com/media/cache/61/2c/612caeb0b2acb35c100629f0f52a40d7.jpg
Golden (Heart of Dread #3),Four,42.21,http://books.toscrape.com/media/cache/39/2f/392fedbcda7bf8f968d5e6643ea5545f.jpg
The Blind Side: Evolution of a Game,Five,53.71,http://books.toscrape.com/media/cache/5e/ee/5eeecab909b9e87ddfb6e3d31078fbbf.jpg
Something Borrowed (Darcy & Rachel #1),Five,48.96,http://books.toscrape.com/media/cache/6d/6d/6d6d5799190b4f9ef89f3bbc8b67d60d.jpg
Fire Bound (Sea Haven/Sisters of the Heart #5),Four,21.28,http://books.toscrape.com/media/cache/cd/53/cd53431a069ee01572988de29ef68da5.jpg
Fifty Shades Freed (Fifty Shades #3),Five,15.36,http://books.toscrape.com/media/cache/18/d8/18d8e02c75c2ef23556c9746fae57e43.jpg
Disrupted: My Misadventure in the Start-Up Bubble,Five,15.28,http://books.toscrape.com/media/cache/2c/32/2c32dd01215c98fc1f6b176b6a9b3ece.jpg
Dead Wake: The Last Crossing of the Lusitania,Five,39.24,http://books.toscrape.com/media/cache/69/0e/690ee5b7ef94ea460861eee2e67fd787.jpg
Dark Places,Five,23.90,http://books.toscrape.com/media/cache/51/bf/51bf575f9af355f4f9f98abe8986402a.jpg
Crazy Rich Asians (Crazy Rich Asians #1),Five,49.13,http://books.toscrape.com/media/cache/9a/62/9a621372fed3a80015283013d8a452cd.jpg
Annie on My Mind,Five,36.83,http://books.toscrape.com/media/cache/88/ba/88baf408218bf1e31626211da4329c6b.jpg
A Walk in the Woods: Rediscovering America on the Appalachian Trail,Four,30.48,http://books.toscrape.com/media/cache/25/ff/25ffbe6f0e8961a1cb2ace38a5b02279.jpg
A Visit from the Goon Squad,Five,14.08,http://books.toscrape.com/media/cache/92/02/9202adfd4bc39e4058c5b9e851ffbf5a.jpg
A Heartbreaking Work of Staggering Genius,Five,54.29,http://books.toscrape.com/media/cache/7a/58/7a587c5814f33c0c54e8bfa0ef66d690.jpg
New Moon (Twilight #2),Four,12.86,http://books.toscrape.com/media/cache/5a/1f/5a1fa3ec68add137878b42243813263d.jpg
Breaking Dawn (Twilight #4),Five,35.28,http://books.toscrape.com/media/cache/ce/24/ce242d3eb00bf1938d6c18e0261ef868.jpg
Life,Five,31.58,http://books.toscrape.com/media/cache/99/97/9997eda658c2fe50e724171f9c2a2b0b.jpg
H is for Hawk,Five,57.42,http://books.toscrape.com/media/cache/78/3c/783c89d21306b712d832dbac267b786a.jpg
Brave Enough,Five,51.32,http://books.toscrape.com/media/cache/94/c7/94c7add56827e01998189a021ec060e2.jpg
Blink: The Power of Thinking Without Thinking,Five,21.74,http://books.toscrape.com/media/cache/5d/41/5d415bc31b1f856a2a9dc8706fd19abd.jpg
Between Shades of Gray,Five,20.79,http://books.toscrape.com/media/cache/f9/19/f919f64fc0e3642cdc604134bfd93774.jpg
Beautiful Creatures (Caster Chronicles #1),Five,21.55,http://books.toscrape.com/media/cache/82/06/8206f351bd1ff6f52eed515a3b366916.jpg
Ash,Four,22.06,http://books.toscrape.com/media/cache/d7/f0/d7f00033bda3779b2fd017e32e7c800c.jpg
"Fruits Basket, Vol. 2 (Fruits Basket #2)",Five,11.64,http://books.toscrape.com/media/cache/e9/fb/e9fb3236b73384253144f89b6eec6a68.jpg
Diary of a Minecraft Zombie Book 1: A Scare of a Dare (An Unofficial Minecraft Book),Four,52.88,http://books.toscrape.com/media/cache/47/16/47160ff71abe23cb52968b3d1b9b7988.jpg
"Y: The Last Man, Vol. 1: Unmanned (Y: The Last Man #1)",Four,18.51,http://books.toscrape.com/media/cache/ae/16/ae169bb5ae814e0fb900cdf9e99332a7.jpg
While You Were Mine,Five,41.32,http://books.toscrape.com/media/cache/45/e8/45e87bcad554d79eadf0f89df9cac6f9.jpg
Ways of Seeing,Five,39.51,http://books.toscrape.com/media/cache/a8/3a/a83a4d31d30dc3cb26a29899a5c3b91d.jpg
Twenty Love Poems and a Song of Despair,Four,30.95,http://books.toscrape.com/media/cache/df/ab/dfab1d94f9190df7c13b63a093a6d16e.jpg
Travels with Charley: In Search of America,Five,57.82,http://books.toscrape.com/media/cache/ff/60/ff60e98e3da9c76d6f65b26bd7142d94.jpg
The Zombie Room,Five,19.69,http://books.toscrape.com/media/cache/1a/2d/1a2d5e478c6b33738ff17e7acfbd8b66.jpg
The Tumor,Five,41.56,http://books.toscrape.com/media/cache/db/f4/dbf4f5d4e7c0364b078aa5ce7e196853.jpg
The Story of Hong Gildong,Four,43.19,http://books.toscrape.com/media/cache/ab/16/ab16eb035cc58809a73c4699477de9cb.jpg
The Silent Wife,Five,12.34,http://books.toscrape.com/media/cache/9b/a3/9ba37429e4a2307fe0b2f4f4162dd636.jpg
The Art of Not Breathing,Four,40.83,http://books.toscrape.com/media/cache/37/26/3726bb1bf30241b6d6f8c8488ad70989.jpg
Shadow Rites (Jane Yellowrock #10),Four,21.72,http://books.toscrape.com/media/cache/7a/0d/7a0d52ec06a57c117c0b99c7980756e7.jpg
The No. 1 Ladies' Detective Agency (No. 1 Ladies' Detective Agency #1),Four,57.70,http://books.toscrape.com/media/cache/34/2e/342ec55d460f3dd49d77dac2bd4ff489.jpg
Off Sides (Off #1),Five,39.45,http://books.toscrape.com/media/cache/03/ed/03ed67ea504353b91b035151d8e80db2.jpg
"Rat Queens, Vol. 1: Sass & Sorcery (Rat Queens (Collected Editions) #1-5)",Five,46.96,http://books.toscrape.com/media/cache/0d/22/0d22f9ee696b7443d1573e7752645c6d.jpg
"Paper Girls, Vol. 1 (Paper Girls #1-5)",Four,21.71,http://books.toscrape.com/media/cache/87/2b/872ba3b06a97e6662770bc2152595b84.jpg
The Hook Up (Game On #1),Five,36.29,http://books.toscrape.com/media/cache/38/f1/38f1543cd2d51c2728678f5ecc128958.jpg
The Haters,Five,27.89,http://books.toscrape.com/media/cache/4c/e9/4ce9f937ac784ae0b377bcbf2a38a8b2.jpg
The Girl You Lost,Five,12.29,http://books.toscrape.com/media/cache/90/0d/900dba6987796f4312a6a6737b0ea94d.jpg
The Edge of Reason (Bridget Jones #2),Four,19.18,http://books.toscrape.com/media/cache/db/34/db341aa83daa76cd9f9bd2c86ccb5dba.jpg
Myriad (Prentor #1),Four,58.75,http://books.toscrape.com/media/cache/6b/fa/6bfae8a489ff53f50467705c1e6fff19.jpg
"Ms. Marvel, Vol. 1: No Normal (Ms. Marvel (2014-2015) #1)",Four,39.39,http://books.toscrape.com/media/cache/f4/96/f496db4d78639e233978ae2bee021752.jpg
Lost Among the Living,Four,27.70,http://books.toscrape.com/media/cache/5a/40/5a40d914bc3491e5909f1167f9cb34f2.jpg
Kitchens of the Great Midwest,Five,57.20,http://books.toscrape.com/media/cache/5e/37/5e379c1cc7003127bc74257a1b721540.jpg
Jane Eyre,Five,38.43,http://books.toscrape.com/media/cache/0b/9b/0b9bd2c1de5ec402b2c797b53e5257f6.jpg
Imperfect Harmony,Four,34.74,http://books.toscrape.com/media/cache/fb/29/fb299a516730a2f2602b10f945f7a8e5.jpg
Icing (Aces Hockey #2),Four,40.44,http://books.toscrape.com/media/cache/8d/1e/8d1e285bf672b2ea66879490cc5f6904.jpg
Having the Barbarian's Baby (Ice Planet Barbarians #7.5),Four,34.96,http://books.toscrape.com/media/cache/f4/83/f4835e9f3fdd8b8107bbb39a391654f0.jpg
"Giant Days, Vol. 1 (Giant Days #1-4)",Four,56.76,http://books.toscrape.com/media/cache/35/0b/350b1224dc46533851d5a34134e44842.jpg
"Fruits Basket, Vol. 1 (Fruits Basket #1)",Five,40.28,http://books.toscrape.com/media/cache/7c/c1/7cc13a8fb238202250e87843c1a62f94.jpg
Deep Under (Walker Security #1),Five,47.09,http://books.toscrape.com/media/cache/74/e4/74e4ec43c40926c7b57fc0fe0f397183.jpg
Choosing Our Religion: The Spiritual Lives of America's Nones,Four,28.42,http://books.toscrape.com/media/cache/df/ab/dfabeab158046237ddb6b713b794909f.jpg
Bright Lines,Five,39.07,http://books.toscrape.com/media/cache/12/43/1243e7eb614f57f0e4cfee80553fa312.jpg
Bounty (Colorado Mountain #7),Four,37.26,http://books.toscrape.com/media/cache/80/ff/80ff924ed78cd7c5172410d0d92f8dfe.jpg
"Bleach, Vol. 1: Strawberry and the Soul Reapers (Bleach #1)",Five,34.65,http://books.toscrape.com/media/cache/a8/38/a8383903c98af18b898b9d70d5be2c16.jpg
"Ajin: Demi-Human, Volume 1 (Ajin: Demi-Human #1)",Four,57.06,http://books.toscrape.com/media/cache/09/7c/097cb5ecc6fb3fbe1690cf0cbdea4ac5.jpg
A Spy's Devotion (The Regency Spies of London #1),Five,16.97,http://books.toscrape.com/media/cache/1b/5f/1b5ff86f3c75e51e24c573d3f8bffd8f.jpg
"1,000 Places to See Before You Die",Five,26.08,http://books.toscrape.com/media/cache/d7/0f/d70f7edd92705c45a82118c3ff6c299d.jpg
